{"MRR": 0.4920784632364909, "Hits@1": 0.44334245326037386, "Hits@3": 0.5109439124487004, "Hits@10": 0.5847013223894209}